Workbook

Sheet mid_split_Annual Sub Sale
A1: GO LIVE | B1: BIN GROUP | C1: Brand | D1: RPGT | E1: Currency | F1: BIN | G1: paymentMethodProvider | H1: STICKY | I1: Country | J1: Check | K1: adyen-usd-tab | L1: adyen-usd-tab-blockerpro | M1: adyen-usd-tab-emea | N1: adyen-usd-tab-mobile | O1: adyen-usd-tab-online | P1: adyen-usd-tab-pro | Q1: adyen-usd-tsc-x-tab | R1: authorize-usd-tab | S1: bancard-usd-tab | T1: braintree-usd-tab | U1: checkout-usd-tab-new | V1: cwams-usd-tab | W1: paysafe-usd-tab | X1: woodforest-usd-tab | Y1: worldpay-usd-tab-nt | Z1: adyen-gbp-tab | AA1: adyen-gbp-tab-online | AB1: adyen-gbp-tab-pro | AC1: braintree-gbp-tab | AD1: checkout-gbp-tab-new | AE1: paysafe-gbp-tab | AF1: adyen-eur-tab | AG1: braintree-eur-tab | AH1: checkout-eur-tab-new | AI1: paysafe-eur-tab | AJ1: adyen-cad-tab | AK1: braintree-cad-tab | AL1: checkout-cad-tab-new | AM1: paysafe-cad-tab | AN1: adyen-aud-tab | AO1: braintree-aud-tab | AP1: checkout-aud-tab-new | AQ1: paysafe-aud-tab | AR1: DUP CHECK
A2: 46202 | B2: condition_1 | C2: Total Adblock | D2: Annual Sub Sale | E2: USD | F2: Other | G2: non_gp_ap | H2: Both | I2: USA | J2: =sum(K2:AQ2) -> 100 | K2: 10 | L2: 15 | M2: 0 | N2: 15 | O2: 15 | P2: 0 | Q2: 0 | R2: 0 | S2: 1 | T2: 14 | U2: 10 | V2: 0 | W2: 10 | X2: 0 | Y2: 10 | Z2: 0 | AA2: 0 | AB2: 0 | AC2: 0 | AD2: 0 | AE2: 0 | AF2: 0 | AG2: 0 | AH2: 0 | AI2: 0 | AJ2: 0 | AK2: 0 | AL2: 0 | AM2: 0 | AN2: 0 | AO2: 0 | AP2: 0 | AQ2: 0 | AR2: =COUNTIFS(F:F,F2,G:G,G2,E:E,E2,D:D,D2,C:C,C2,H:H,H2,A:A,A2,I:I,I2) -> 1
A3: 46202 | B3: condition_1 | C3: Total Adblock | D3: Annual Sub Sale | E3: GBP | F3: Other | G3: non_gp_ap | H3: Both | I3: USA | J3: =sum(K3:AQ3) -> 100 | K3: 0 | L3: 0 | M3: 0 | N3: 0 | O3: 0 | P3: 0 | Q3: 0 | R3: 0 | S3: 0 | T3: 0 | U3: 0 | V3: 0 | W3: 0 | X3: 0 | Y3: 0 | Z3: 15 | AA3: 20 | AB3: 20 | AC3: 15 | AD3: 15 | AE3: 15 | AF3: 0 | AG3: 0 | AH3: 0 | AI3: 0 | AJ3: 0 | AK3: 0 | AL3: 0 | AM3: 0 | AN3: 0 | AO3: 0 | AP3: 0 | AQ3: 0 | AR3: =COUNTIFS(F:F,F3,G:G,G3,E:E,E3,D:D,D3,C:C,C3,H:H,H3,A:A,A3,I:I,I3) -> 1
A4: 46202 | B4: condition_1 | C4: Total Adblock | D4: Annual Sub Sale | E4: EUR | F4: Other | G4: non_gp_ap | H4: Both | I4: USA | J4: =sum(K4:AQ4) -> 100 | K4: 0 | L4: 0 | M4: 0 | N4: 0 | O4: 0 | P4: 0 | Q4: 0 | R4: 0 | S4: 0 | T4: 0 | U4: 0 | V4: 0 | W4: 0 | X4: 0 | Y4: 0 | Z4: 0 | AA4: 0 | AB4: 0 | AC4: 0 | AD4: 0 | AE4: 0 | AF4: 30 | AG4: 25 | AH4: 25 | AI4: 20 | AJ4: 0 | AK4: 0 | AL4: 0 | AM4: 0 | AN4: 0 | AO4: 0 | AP4: 0 | AQ4: 0 | AR4: =COUNTIFS(F:F,F4,G:G,G4,E:E,E4,D:D,D4,C:C,C4,H:H,H4,A:A,A4,I:I,I4) -> 1
A5: 46202 | B5: condition_1 | C5: Total Adblock | D5: Annual Sub Sale | E5: CAD | F5: Other | G5: non_gp_ap | H5: Both | I5: USA | J5: =sum(K5:AQ5) -> 100 | K5: 0 | L5: 0 | M5: 0 | N5: 0 | O5: 0 | P5: 0 | Q5: 0 | R5: 0 | S5: 0 | T5: 0 | U5: 0 | V5: 0 | W5: 0 | X5: 0 | Y5: 0 | Z5: 0 | AA5: 0 | AB5: 0 | AC5: 0 | AD5: 0 | AE5: 0 | AF5: 0 | AG5: 0 | AH5: 0 | AI5: 0 | AJ5: 25 | AK5: 25 | AL5: 25 | AM5: 25 | AN5: 0 | AO5: 0 | AP5: 0 | AQ5: 0 | AR5: =COUNTIFS(F:F,F5,G:G,G5,E:E,E5,D:D,D5,C:C,C5,H:H,H5,A:A,A5,I:I,I5) -> 1
A6: 46202 | B6: condition_1 | C6: Total Adblock | D6: Annual Sub Sale | E6: AUD | F6: Other | G6: non_gp_ap | H6: Both | I6: USA | J6: =sum(K6:AQ6) -> 100 | K6: 0 | L6: 0 | M6: 0 | N6: 0 | O6: 0 | P6: 0 | Q6: 0 | R6: 0 | S6: 0 | T6: 0 | U6: 0 | V6: 0 | W6: 0 | X6: 0 | Y6: 0 | Z6: 0 | AA6: 0 | AB6: 0 | AC6: 0 | AD6: 0 | AE6: 0 | AF6: 0 | AG6: 0 | AH6: 0 | AI6: 0 | AJ6: 0 | AK6: 0 | AL6: 0 | AM6: 0 | AN6: 25 | AO6: 25 | AP6: 25 | AQ6: 25 | AR6: =COUNTIFS(F:F,F6,G:G,G6,E:E,E6,D:D,D6,C:C,C6,H:H,H6,A:A,A6,I:I,I6) -> 1
A7: 46202 | B7: condition_1 | C7: Total Adblock | D7: Annual Sub Sale | E7: USD | F7: Other | G7: GOOGLEPAY | H7: Both | I7: USA | J7: =sum(K7:AQ7) -> 100 | K7: 10 | L7: 15 | M7: 0 | N7: 15 | O7: 15 | P7: 0 | Q7: 0 | R7: 0 | S7: 0 | T7: 15 | U7: 10 | V7: 0 | W7: 10 | X7: 0 | Y7: 10 | Z7: 0 | AA7: 0 | AB7: 0 | AC7: 0 | AD7: 0 | AE7: 0 | AF7: 0 | AG7: 0 | AH7: 0 | AI7: 0 | AJ7: 0 | AK7: 0 | AL7: 0 | AM7: 0 | AN7: 0 | AO7: 0 | AP7: 0 | AQ7: 0 | AR7: =COUNTIFS(F:F,F7,G:G,G7,E:E,E7,D:D,D7,C:C,C7,H:H,H7,A:A,A7,I:I,I7) -> 1
A8: 46202 | B8: condition_1 | C8: Total Adblock | D8: Annual Sub Sale | E8: GBP | F8: Other | G8: GOOGLEPAY | H8: Both | I8: USA | J8: =sum(K8:AQ8) -> 100 | K8: 0 | L8: 0 | M8: 0 | N8: 0 | O8: 0 | P8: 0 | Q8: 0 | R8: 0 | S8: 0 | T8: 0 | U8: 0 | V8: 0 | W8: 0 | X8: 0 | Y8: 0 | Z8: 15 | AA8: 20 | AB8: 20 | AC8: 15 | AD8: 15 | AE8: 15 | AF8: 0 | AG8: 0 | AH8: 0 | AI8: 0 | AJ8: 0 | AK8: 0 | AL8: 0 | AM8: 0 | AN8: 0 | AO8: 0 | AP8: 0 | AQ8: 0 | AR8: =COUNTIFS(F:F,F8,G:G,G8,E:E,E8,D:D,D8,C:C,C8,H:H,H8,A:A,A8,I:I,I8) -> 1
A9: 46202 | B9: condition_1 | C9: Total Adblock | D9: Annual Sub Sale | E9: EUR | F9: Other | G9: GOOGLEPAY | H9: Both | I9: USA | J9: =sum(K9:AQ9) -> 100 | K9: 0 | L9: 0 | M9: 0 | N9: 0 | O9: 0 | P9: 0 | Q9: 0 | R9: 0 | S9: 0 | T9: 0 | U9: 0 | V9: 0 | W9: 0 | X9: 0 | Y9: 0 | Z9: 0 | AA9: 0 | AB9: 0 | AC9: 0 | AD9: 0 | AE9: 0 | AF9: 30 | AG9: 25 | AH9: 25 | AI9: 20 | AJ9: 0 | AK9: 0 | AL9: 0 | AM9: 0 | AN9: 0 | AO9: 0 | AP9: 0 | AQ9: 0 | AR9: =COUNTIFS(F:F,F9,G:G,G9,E:E,E9,D:D,D9,C:C,C9,H:H,H9,A:A,A9,I:I,I9) -> 1
A10: 46202 | B10: condition_1 | C10: Total Adblock | D10: Annual Sub Sale | E10: CAD | F10: Other | G10: GOOGLEPAY | H10: Both | I10: USA | J10: =sum(K10:AQ10) -> 100 | K10: 0 | L10: 0 | M10: 0 | N10: 0 | O10: 0 | P10: 0 | Q10: 0 | R10: 0 | S10: 0 | T10: 0 | U10: 0 | V10: 0 | W10: 0 | X10: 0 | Y10: 0 | Z10: 0 | AA10: 0 | AB10: 0 | AC10: 0 | AD10: 0 | AE10: 0 | AF10: 0 | AG10: 0 | AH10: 0 | AI10: 0 | AJ10: 25 | AK10: 25 | AL10: 25 | AM10: 25 | AN10: 0 | AO10: 0 | AP10: 0 | AQ10: 0 | AR10: =COUNTIFS(F:F,F10,G:G,G10,E:E,E10,D:D,D10,C:C,C10,H:H,H10,A:A,A10,I:I,I10) -> 1
A11: 46202 | B11: condition_1 | C11: Total Adblock | D11: Annual Sub Sale | E11: AUD | F11: Other | G11: GOOGLEPAY | H11: Both | I11: USA | J11: =sum(K11:AQ11) -> 100 | K11: 0 | L11: 0 | M11: 0 | N11: 0 | O11: 0 | P11: 0 | Q11: 0 | R11: 0 | S11: 0 | T11: 0 | U11: 0 | V11: 0 | W11: 0 | X11: 0 | Y11: 0 | Z11: 0 | AA11: 0 | AB11: 0 | AC11: 0 | AD11: 0 | AE11: 0 | AF11: 0 | AG11: 0 | AH11: 0 | AI11: 0 | AJ11: 0 | AK11: 0 | AL11: 0 | AM11: 0 | AN11: 25 | AO11: 25 | AP11: 25 | AQ11: 25 | AR11: =COUNTIFS(F:F,F11,G:G,G11,E:E,E11,D:D,D11,C:C,C11,H:H,H11,A:A,A11,I:I,I11) -> 1
A12: 46202 | B12: condition_1 | C12: Total Adblock | D12: Annual Sub Sale | E12: USD | F12: Other | G12: APPLEPAY | H12: Both | I12: USA | J12: =sum(K12:AQ12) -> 100 | K12: 10 | L12: 15 | M12: 0 | N12: 15 | O12: 15 | P12: 0 | Q12: 0 | R12: 0 | S12: 0 | T12: 15 | U12: 10 | V12: 0 | W12: 10 | X12: 0 | Y12: 10 | Z12: 0 | AA12: 0 | AB12: 0 | AC12: 0 | AD12: 0 | AE12: 0 | AF12: 0 | AG12: 0 | AH12: 0 | AI12: 0 | AJ12: 0 | AK12: 0 | AL12: 0 | AM12: 0 | AN12: 0 | AO12: 0 | AP12: 0 | AQ12: 0 | AR12: =COUNTIFS(F:F,F12,G:G,G12,E:E,E12,D:D,D12,C:C,C12,H:H,H12,A:A,A12,I:I,I12) -> 1
A13: 46202 | B13: condition_1 | C13: Total Adblock | D13: Annual Sub Sale | E13: GBP | F13: Other | G13: APPLEPAY | H13: Both | I13: USA | J13: =sum(K13:AQ13) -> 100 | K13: 0 | L13: 0 | M13: 0 | N13: 0 | O13: 0 | P13: 0 | Q13: 0 | R13: 0 | S13: 0 | T13: 0 | U13: 0 | V13: 0 | W13: 0 | X13: 0 | Y13: 0 | Z13: 15 | AA13: 20 | AB13: 20 | AC13: 15 | AD13: 15 | AE13: 15 | AF13: 0 | AG13: 0 | AH13: 0 | AI13: 0 | AJ13: 0 | AK13: 0 | AL13: 0 | AM13: 0 | AN13: 0 | AO13: 0 | AP13: 0 | AQ13: 0 | AR13: =COUNTIFS(F:F,F13,G:G,G13,E:E,E13,D:D,D13,C:C,C13,H:H,H13,A:A,A13,I:I,I13) -> 1
... A31: 46202 | B31: condition_1 | C31: Total Adblock | D31: Annual Sub Sale | E31: AUD | F31: Other | G31: APPLEPAY | H31: Both | I31: Non-USA | J31: =sum(K31:AQ31) -> 100 | K31: 0 | L31: 0 | M31: 0 | N31: 0 | O31: 0 | P31: 0 | Q31: 0 | R31: 0 | S31: 0 | T31: 0 | U31: 0 | V31: 0 | W31: 0 | X31: 0 | Y31: 0 | Z31: 0 | AA31: 0 | AB31: 0 | AC31: 0 | AD31: 0 | AE31: 0 | AF31: 0 | AG31: 0 | AH31: 0 | AI31: 0 | AJ31: 0 | AK31: 0 | AL31: 0 | AM31: 0 | AN31: 25 | AO31: 25 | AP31: 25 | AQ31: 25 | AR31: =COUNTIFS(F:F,F31,G:G,G31,E:E,E31,D:D,D31,C:C,C31,H:H,H31,A:A,A31,I:I,I31) -> 1

Sheet Sheet3
A1: 403163 | B1: =VLOOKUP(A1,'mid_split_Annual Sub Sale'!F:F,1,0) -> #N/A
A2: 440393 | B2: =VLOOKUP(A2,'mid_split_Annual Sub Sale'!F:F,1,0) -> #N/A
A3: 423223 | B3: =VLOOKUP(A3,'mid_split_Annual Sub Sale'!F:F,1,0) -> #N/A
A4: 447227 | B4: =VLOOKUP(A4,'mid_split_Annual Sub Sale'!F:F,1,0) -> #N/A
A5: 453600 | B5: =VLOOKUP(A5,'mid_split_Annual Sub Sale'!F:F,1,0) -> #N/A
A6: 400895 | B6: =VLOOKUP(A6,'mid_split_Annual Sub Sale'!F:F,1,0) -> #N/A
A7: 498503 | B7: =VLOOKUP(A7,'mid_split_Annual Sub Sale'!F:F,1,0) -> #N/A
A8: 423953 | B8: =VLOOKUP(A8,'mid_split_Annual Sub Sale'!F:F,1,0) -> #N/A
A9: 483205 | B9: =VLOOKUP(A9,'mid_split_Annual Sub Sale'!F:F,1,0) -> #N/A
A10: 416598 | B10: =VLOOKUP(A10,'mid_split_Annual Sub Sale'!F:F,1,0) -> #N/A
A11: 402360 | B11: =VLOOKUP(A11,'mid_split_Annual Sub Sale'!F:F,1,0) -> #N/A
A12: 431940 | B12: =VLOOKUP(A12,'mid_split_Annual Sub Sale'!F:F,1,0) -> #N/A
... A1000: 426492 | B1000: =VLOOKUP(A1000,'mid_split_Annual Sub Sale'!F:F,1,0) -> #N/A
